﻿Quantity,Reference Designator,Model
1,R1A,"1.5M ohm, 0603, 1%"
1,R2A,"20k ohm, 0603, 1%"
2,"R3A, R3B","11k ohm, 0603, 1%"
2,"R4A, R4B","1M ohm, 0603, 1%"
1,R5A,"2M ohm, 0603, 1%"
1,R1B,"1.6M ohm, 0603, 1%"
1,R2B,"22k ohm, 0603, 1%"
1,R5B,"2.2M ohm, 0603, 1%"
2,"R5M, JP2","0 ohm, 0603"
4,"C5A, C6A, C5B, C6B","100nF, 1206, C0G, 10%"
4,"C9A, C0A, C9B, C0B","100nF, 0603, X7R, 20%"
2,"C101M, C100M","10uF, 6032, tantalum, 20%"
2,"U1A, U1B","OP281, SOIC"
4,"J1M, J2M, J3M, J4M","67996-206HLF, 2x3 0.1"" header"
2," J3M, J4M","65474-010LF, 0.1"" jumper"
2," J1A, J1B","BCS-103-L-D-TE, 2x3 0.1"" socket"
2,"J5M, J6M","142-0701-851, SMA Jack, board edge female"
3,"+VS, -VS, GND","68000-101HLF, Test pin"
