42.5757, 13.3242, 2.25
42.6007, 13.2323, 1.2100000000000002
42.4957, 13.275, 1.9599999999999997
42.6035, 13.3137, 1.44
42.5303, 13.2793, 1.2100000000000002
42.5198, 13.3555, 1.9599999999999997
42.611, 13.2582, 2.8899999999999997
42.4943, 13.2802, 3.24
42.6067, 13.2262, 1.2100000000000002
42.5502, 13.2802, 1.6900000000000002
42.5757, 13.2428, 2.5600000000000005
42.5517, 13.3342, 2.25
42.5723, 13.2353, 3.61
42.6015, 13.2388, 3.24
42.5582, 13.2633, 1
42.5433, 13.3248, 2.5600000000000005
42.5898, 13.3098, 1.6900000000000002
42.5915, 13.2155, 2.5600000000000005
42.6, 13.2343, 1.9599999999999997
42.6087, 13.323, 2.8899999999999997
42.5463, 13.3212, 1.9599999999999997
42.5542, 13.3308, 2.5600000000000005
42.5462, 13.3473, 2.25
42.5772, 13.2425, 4.41
42.5248, 13.3302, 1
42.5278, 13.275, 1.9599999999999997
42.5757, 13.2792, 4.41
42.5433, 13.3258, 2.8899999999999997
42.5792, 13.2298, 1.2100000000000002
42.5847, 13.2612, 0.6400000000000001
42.5462, 13.3308, 2.8899999999999997
42.5467, 13.3372, 2.5600000000000005
42.5473, 13.266, 3.61
42.6113, 13.2552, 2.8899999999999997
42.6103, 13.322, 1.6900000000000002
42.5138, 13.3903, 1.44
42.5968, 13.3175, 1.44
42.5007, 13.341, 0.81
42.5203, 13.343, 2.5600000000000005
42.5712, 13.3357, 1
42.5502, 13.3375, 1.9599999999999997
42.5442, 13.3395, 2.8899999999999997
42.5283, 13.2683, 2.5600000000000005
42.5228, 13.2802, 3.24
42.5927, 13.2288, 4
42.4697, 13.3528, 3.24
42.5907, 13.3097, 1.9599999999999997
42.6067, 13.3053, 1.6900000000000002
42.5702, 13.2583, 6.25
42.5913, 13.2565, 2.8899999999999997
42.5948, 13.298, 2.5600000000000005
42.5873, 13.3117, 1.6900000000000002
42.5972, 13.3227, 1.6900000000000002
42.6005, 13.2202, 2.25
42.4937, 13.3793, 1.2100000000000002
42.5998, 13.2852, 1.6900000000000002
42.5252, 13.3582, 1.6900000000000002
42.5932, 13.2278, 1.6900000000000002
42.593, 13.3202, 7.839999999999999
42.4897, 13.3835, 9
42.6117, 13.3162, 4.840000000000001
42.5593, 13.3318, 1.44
42.5748, 13.2612, 2.5600000000000005
42.5833, 13.2658, 1.44
42.5783, 13.2642, 1.6900000000000002
42.5767, 13.3218, 1.2100000000000002
42.5033, 13.2842, 2.5600000000000005
42.5873, 13.3222, 1.44
42.5553, 13.2363, 2.25
42.4967, 13.3225, 1.6900000000000002
42.5502, 13.2992, 2.25
42.6005, 13.3052, 1.6900000000000002
42.5988, 13.3217, 3.61
42.498, 13.2972, 4
42.5332, 13.2987, 3.24
42.569, 13.2677, 1.9599999999999997
42.5925, 13.2798, 1.6900000000000002
42.6008, 13.3177, 1.9599999999999997
42.5783, 13.215, 4.840000000000001
42.5562, 13.2327, 1.44
42.6002, 13.255, 1.9599999999999997
42.5972, 13.3203, 1.2100000000000002
42.5993, 13.2432, 1.9599999999999997
42.6162, 13.2958, 3.24
42.5325, 13.2578, 2.5600000000000005
42.6003, 13.3467, 1.2100000000000002
42.5018, 13.2702, 1
42.4882, 13.3017, 2.5600000000000005
42.5637, 13.2013, 2.5600000000000005
42.6013, 13.3143, 2.5600000000000005
42.5947, 13.3163, 3.24
42.5317, 13.2498, 1.9599999999999997
42.5258, 13.2798, 3.61
42.5837, 13.3635, 2.8899999999999997
42.5757, 13.3218, 1.6900000000000002
42.4837, 13.2448, 3.24
42.5217, 13.3625, 1.44
42.5122, 13.2943, 1.9599999999999997
42.4975, 13.2987, 2.5600000000000005
42.5093, 13.2382, 1.6900000000000002
42.6112, 13.2517, 1.9599999999999997
42.496, 13.3902, 1.44
42.4798, 13.2587, 1.44
42.5593, 13.3477, 1.44
42.5455, 13.3483, 1.44
42.4927, 13.307, 4.840000000000001
42.6033, 13.3173, 1.6900000000000002
42.56, 13.2372, 2.5600000000000005
42.5032, 13.3122, 5.289999999999999
42.5043, 13.3057, 0.81
42.5927, 13.2382, 1.2100000000000002
42.6082, 13.2882, 3.24
42.4955, 13.2617, 1.9599999999999997
42.5325, 13.2598, 1.6900000000000002
42.5862, 13.2298, 1.44
42.5783, 13.2623, 4
42.5403, 13.3273, 1.6900000000000002
42.6117, 13.268, 2.25
42.5988, 13.3168, 1.9599999999999997
42.514, 13.3167, 2.25
42.5942, 13.2732, 1
42.5973, 13.2587, 1.2100000000000002
42.4962, 13.2962, 2.25
42.5373, 13.3603, 0.81
42.6, 13.3317, 2.8899999999999997
42.6013, 13.2737, 1.6900000000000002
42.5538, 13.2533, 1.6900000000000002
42.4993, 13.3657, 1
42.595, 13.2292, 2.5600000000000005
42.5927, 13.2635, 0.48999999999999994
42.5352, 13.3302, 3.61
42.5998, 13.3153, 3.24
42.5247, 13.3612, 1.6900000000000002
42.5383, 13.3255, 1.9599999999999997
42.5053, 13.3115, 1
42.5938, 13.3288, 2.25
42.5738, 13.2395, 0.48999999999999994
42.5907, 13.2957, 1.44
42.5127, 13.3707, 1.44
42.5252, 13.3798, 2.5600000000000005
42.5625, 13.3178, 2.8899999999999997
42.5847, 13.2573, 2.5600000000000005
42.5317, 13.3522, 2.8899999999999997
42.494, 13.299, 1.44
42.511, 13.2958, 1.9599999999999997
42.5072, 13.391, 2.25
42.5287, 13.2748, 1.9599999999999997
42.4607, 13.2982, 4
42.5173, 13.2775, 2.8899999999999997
42.5512, 13.3377, 2.8899999999999997
42.5957, 13.3278, 2.5600000000000005
42.5613, 13.3512, 1.6900000000000002
42.5617, 13.2383, 4.840000000000001
42.5163, 13.3967, 1.44
42.5443, 13.3375, 3.61
42.5678, 13.2743, 1.9599999999999997
42.595, 13.2982, 1.44
42.5703, 13.2868, 2.8899999999999997
42.6038, 13.3065, 0.36
42.4795, 13.2617, 1.9599999999999997
42.6003, 13.2863, 1.9599999999999997
42.5855, 13.2188, 0.81
42.5457, 13.3533, 1.9599999999999997
42.6038, 13.3028, 1.2100000000000002
42.5332, 13.3638, 1.44
42.5467, 13.389, 2.5600000000000005
42.5918, 13.2257, 1.6900000000000002
42.5428, 13.3437, 2.8899999999999997
42.574, 13.3053, 2.5600000000000005
42.6067, 13.242, 7.839999999999999
42.5038, 13.3272, 3.24
42.5808, 13.3118, 3.61
42.5428, 13.3413, 1
42.5962, 13.2287, 4
42.5412, 13.357, 1.6900000000000002
42.6058, 13.2325, 0.81
42.5122, 13.2698, 2.8899999999999997
42.4833, 13.2665, 3.61
42.592, 13.238, 2.5600000000000005
42.5222, 13.2887, 1.9599999999999997
42.5987, 13.317, 2.5600000000000005
42.6002, 13.3313, 3.24
42.5373, 13.3417, 1.9599999999999997
42.5903, 13.2348, 1.9599999999999997
42.537, 13.3585, 4
42.5302, 13.2643, 1.9599999999999997
42.569, 13.3307, 1.2100000000000002
42.5505, 13.3358, 1.9599999999999997
42.5643, 13.3237, 2.25
42.5587, 13.3178, 3.24
42.6092, 13.3245, 1.9599999999999997
42.5922, 13.3178, 2.8899999999999997
42.6022, 13.3147, 2.25
42.6065, 13.3242, 4.41
42.6117, 13.2743, 0.6400000000000001
42.5428, 13.3668, 1.2100000000000002
42.5848, 13.3258, 1.44
42.5972, 13.3093, 2.25
42.5017, 13.3033, 1.6900000000000002
42.6048, 13.2877, 2.8899999999999997
42.538, 13.2803, 3.61
42.5737, 13.3342, 3.24
42.5148, 13.3147, 1.9599999999999997
42.5333, 13.2802, 2.25
42.5357, 13.2782, 2.8899999999999997
42.5298, 13.2712, 2.8899999999999997
42.5833, 13.2708, 1.9599999999999997
42.5997, 13.324, 2.5600000000000005
42.5083, 13.3323, 1.44
42.6003, 13.3322, 2.5600000000000005
42.5595, 13.2523, 2.25
42.5893, 13.2563, 1.44
42.5422, 13.3392, 4
42.5447, 13.2618, 3.61
42.591, 13.3307, 2.8899999999999997
42.5902, 13.2363, 1.2100000000000002
42.5368, 13.342, 2.8899999999999997
42.5625, 13.2493, 2.5600000000000005
42.5775, 13.2572, 2.5600000000000005
42.4923, 13.2618, 1.44
42.5888, 13.2327, 1.2100000000000002
42.6037, 13.3272, 2.8899999999999997
42.5963, 13.3202, 1.6900000000000002
42.5268, 13.3713, 1.6900000000000002
42.6122, 13.3243, 1
42.5958, 13.3337, 1
42.5542, 13.3522, 2.5600000000000005
42.6028, 13.24, 1.44
42.5852, 13.3232, 2.8899999999999997
42.5822, 13.2537, 2.8899999999999997
42.5163, 13.2802, 3.61
42.5895, 13.2807, 2.5600000000000005
42.56, 13.241, 1.9599999999999997
42.5923, 13.2323, 1.44
42.5387, 13.3503, 2.25
42.5037, 13.343, 2.25
42.6053, 13.3267, 2.8899999999999997
42.5768, 13.3003, 3.61
42.5988, 13.2323, 1.6900000000000002
42.5882, 13.3255, 1.2100000000000002
42.531, 13.3258, 3.24
42.5242, 13.2833, 1.44
42.5888, 13.3148, 2.8899999999999997
42.5968, 13.3285, 2.25
42.5667, 13.2437, 2.5600000000000005
42.602, 13.2268, 1.2100000000000002
42.5155, 13.3123, 2.8899999999999997
42.4768, 13.2668, 2.25
42.6062, 13.3347, 2.8899999999999997
42.5972, 13.247, 1.2100000000000002
42.5453, 13.3403, 3.24
42.5925, 13.198, 2.8899999999999997
42.5908, 13.3367, 1
42.6082, 13.2992, 2.25
42.5948, 13.309, 2.5600000000000005
42.6012, 13.3037, 2.25
42.585, 13.311, 3.24
42.5183, 13.3532, 2.5600000000000005
42.5655, 13.3528, 2.5600000000000005
42.6112, 13.3293, 7.839999999999999
42.5763, 13.2692, 3.61
42.5943, 13.3203, 3.24
42.5843, 13.2557, 2.8899999999999997
42.5898, 13.3175, 1.2100000000000002
42.5315, 13.3683, 1.6900000000000002
42.5333, 13.3377, 3.61
42.5377, 13.3458, 2.8899999999999997
42.5677, 13.3623, 2.25
42.5348, 13.2417, 2.25
42.5938, 13.3285, 1.6900000000000002
42.4967, 13.2862, 1.2100000000000002
42.5485, 13.3433, 1.44
42.5863, 13.2512, 2.25
42.597, 13.2227, 1.44
42.5827, 13.2503, 4
42.4728, 13.2515, 2.8899999999999997
42.4685, 13.2492, 2.25
42.4677, 13.239, 1.9599999999999997
42.5777, 13.3377, 2.25
42.5703, 13.352, 1.6900000000000002
42.532, 13.297, 2.25
42.5762, 13.2548, 2.8899999999999997
42.5782, 13.2062, 1
42.5925, 13.3142, 2.25
42.572, 13.345, 1.9599999999999997
42.6122, 13.2357, 2.25
42.6033, 13.3283, 1.6900000000000002
42.592, 13.3073, 2.8899999999999997
42.5938, 13.3197, 2.25
42.6107, 13.2963, 1.6900000000000002
42.6058, 13.3272, 2.25
42.5352, 13.2877, 2.8899999999999997
42.5442, 13.2498, 2.25
42.6008, 13.3503, 2.8899999999999997
42.5047, 13.2975, 1.6900000000000002
42.4938, 13.2682, 3.24
42.4993, 13.3155, 3.24
42.5452, 13.3423, 1
42.5863, 13.3273, 2.5600000000000005
42.4623, 13.2928, 4
42.6112, 13.3118, 1.44
42.6008, 13.323, 2.5600000000000005
42.4942, 13.3398, 2.8899999999999997
42.4618, 13.2967, 4
42.5898, 13.2977, 3.61
42.5973, 13.3148, 5.289999999999999
42.4927, 13.3083, 3.24
42.6087, 13.2978, 1
42.6067, 13.3147, 5.289999999999999
42.5448, 13.3442, 6.25
42.6063, 13.3112, 5.289999999999999
42.5302, 13.2827, 4.840000000000001
42.5903, 13.3188, 2.25
42.5415, 13.3377, 1.44
42.5408, 13.2568, 1.44
42.6025, 13.3013, 3.61
42.5363, 13.2475, 3.61
42.5977, 13.3152, 2.25
42.5645, 13.2442, 2.8899999999999997
42.4793, 13.2933, 4.840000000000001
42.4832, 13.288, 5.289999999999999
42.5922, 13.3292, 1.44
42.5938, 13.2307, 4.41
42.6095, 13.2365, 4.41
42.5982, 13.2333, 4.41
42.5807, 13.3197, 2.8899999999999997
42.5407, 13.3392, 2.8899999999999997
42.5978, 13.2525, 2.25
42.4842, 13.285, 3.24
42.583, 13.3223, 2.5600000000000005
42.5285, 13.2768, 3.24
42.6052, 13.3108, 1.2100000000000002
42.6113, 13.2618, 3.24
42.6088, 13.2997, 2.5600000000000005
42.5047, 13.2732, 1.9599999999999997
42.5993, 13.3107, 2.8899999999999997
42.5393, 13.2347, 5.289999999999999
42.5658, 13.3493, 3.61
42.6132, 13.3207, 1.6900000000000002
42.6017, 13.3138, 2.25
42.469, 13.2712, 2.5600000000000005
42.5712, 13.2767, 3.24
42.47, 13.2937, 2.5600000000000005
42.5863, 13.2997, 3.61
42.5432, 13.2792, 4.41
42.5482, 13.3303, 9
42.5823, 13.3048, 5.289999999999999
42.5987, 13.2428, 2.5600000000000005
42.5318, 13.2465, 1.9599999999999997
42.5897, 13.3133, 4.41
42.5998, 13.2863, 3.24
42.4653, 13.3043, 4
42.6085, 13.3075, 4.41
42.4617, 13.2948, 3.61
42.4693, 13.2917, 4.840000000000001
42.5877, 13.305, 1.9599999999999997
42.5918, 13.2413, 9
42.5933, 13.3225, 2.8899999999999997
42.5777, 13.2398, 2.5600000000000005
42.5308, 13.259, 2.5600000000000005
42.5167, 13.2902, 1.2100000000000002
42.5907, 13.3133, 3.61
42.4988, 13.3135, 3.24
42.5952, 13.3032, 1.44
42.5887, 13.3062, 2.5600000000000005
42.5942, 13.3188, 2.25
42.5117, 13.3513, 2.25
42.5947, 13.3153, 2.8899999999999997
42.5142, 13.2933, 2.25
42.5063, 13.2703, 1.6900000000000002
42.4912, 13.2973, 2.25
42.475, 13.3095, 9
42.4758, 13.2603, 6.760000000000001
42.546, 13.2693, 2.8899999999999997
42.5223, 13.3598, 3.61
42.6177, 13.2928, 1.6900000000000002
42.5928, 13.3045, 1.6900000000000002
42.4717, 13.3018, 6.25
42.4685, 13.2907, 2.8899999999999997
42.5973, 13.3012, 3.61
42.59, 13.2662, 3.24
42.5765, 13.3387, 2.25
42.498, 13.3172, 2.5600000000000005
42.4787, 13.2388, 2.8899999999999997
42.5948, 13.3085, 4.41
42.5487, 13.3422, 3.24
42.5423, 13.3575, 2.25
42.4748, 13.2527, 3.61
42.5937, 13.338, 2.5600000000000005
42.6133, 13.3138, 1.9599999999999997
42.5862, 13.3202, 2.5600000000000005
42.4827, 13.257, 2.5600000000000005
42.5533, 13.3452, 2.8899999999999997
42.4538, 13.2898, 4
42.5288, 13.3515, 3.24
42.4708, 13.254, 11.559999999999999
42.4957, 13.3283, 3.24
42.5965, 13.3003, 4
42.4793, 13.262, 1.9599999999999997
42.5212, 13.2863, 5.289999999999999
42.5827, 13.266, 2.5600000000000005
42.6017, 13.3175, 2.8899999999999997
42.4903, 13.2987, 3.24
42.5908, 13.3313, 2.5600000000000005
42.596, 13.331, 4
42.5987, 13.3148, 2.25
42.5968, 13.3093, 2.5600000000000005
42.5427, 13.3177, 4
42.5868, 13.3327, 3.61
42.5017, 13.3227, 2.8899999999999997
42.6053, 13.3123, 3.24
42.6087, 13.3047, 3.61
42.6057, 13.3112, 2.25
42.5455, 13.3342, 2.25
42.6035, 13.3133, 6.25
42.596, 13.3325, 4.840000000000001
42.573, 13.3063, 2.5600000000000005
42.5417, 13.3348, 1.9599999999999997
42.5107, 13.2967, 1.9599999999999997
42.6038, 13.325, 6.760000000000001
42.5745, 13.2627, 4
42.5945, 13.3033, 1.9599999999999997
42.52, 13.2777, 2.5600000000000005
42.6003, 13.3158, 1.2100000000000002
42.5828, 13.2472, 2.5600000000000005
42.586, 13.2697, 2.5600000000000005
42.5988, 13.3107, 2.25
42.5687, 13.2462, 2.8899999999999997
42.5978, 13.2308, 2.8899999999999997
42.6093, 13.2668, 3.24
42.5955, 13.2168, 3.61
42.4842, 13.2357, 2.8899999999999997
42.5898, 13.3112, 3.61
42.5997, 13.2997, 1.44
42.498, 13.3093, 2.8899999999999997
42.5128, 13.3428, 2.8899999999999997
42.4993, 13.3033, 2.25
42.5212, 13.3583, 3.24
42.5532, 13.3322, 5.76
42.5097, 13.309, 4
42.5065, 13.3147, 2.8899999999999997
42.5707, 13.2472, 4.41
42.6007, 13.2737, 9
42.5728, 13.257, 1.9599999999999997
42.5917, 13.3242, 1.9599999999999997
42.5572, 13.2418, 2.8899999999999997
42.5677, 13.347, 3.24
42.6113, 13.3137, 4
42.5643, 13.3103, 2.8899999999999997
42.5658, 13.2453, 2.25
42.5387, 13.3125, 4.840000000000001
42.5933, 13.3122, 2.25
42.5668, 13.2478, 4.840000000000001
42.5068, 13.3062, 2.8899999999999997
42.4983, 13.2917, 3.61
42.5698, 13.3447, 2.5600000000000005
42.5995, 13.2978, 2.8899999999999997
42.4988, 13.345, 1.9599999999999997
42.5873, 13.2997, 2.8899999999999997
42.5962, 13.3125, 6.760000000000001
42.4993, 13.3178, 3.24
42.5353, 13.3392, 1.6900000000000002
42.5243, 13.2832, 1.9599999999999997
42.5827, 13.315, 2.8899999999999997
42.535, 13.2752, 7.290000000000001
42.5987, 13.3495, 2.25
42.4982, 13.31, 2.25
42.593, 13.2947, 4.41
42.516, 13.3238, 4.41
42.5027, 13.3357, 1.44
42.5962, 13.2882, 1.2100000000000002
42.6018, 13.2287, 2.25
42.6015, 13.3062, 2.8899999999999997
42.4968, 13.3285, 4.41
42.5833, 13.2422, 1.9599999999999997
42.6122, 13.2338, 1.9599999999999997
42.5847, 13.3018, 7.290000000000001
42.5178, 13.3623, 2.5600000000000005
42.5875, 13.3068, 3.61
42.5243, 13.2485, 2.8899999999999997
42.6042, 13.2148, 2.8899999999999997
42.5998, 13.3195, 2.8899999999999997
42.5897, 13.3247, 1.9599999999999997
42.5977, 13.2658, 2.25
42.5902, 13.2912, 2.25
42.5982, 13.314, 0.6400000000000001
42.518, 13.3573, 2.25
42.5312, 13.2682, 2.25
42.6063, 13.2652, 1.44
42.5978, 13.3117, 3.61
42.5933, 13.301, 1.9599999999999997
42.5182, 13.3528, 4
42.6032, 13.3098, 2.5600000000000005
42.5037, 13.3828, 1.6900000000000002
42.5447, 13.3363, 1.6900000000000002
42.5182, 13.2642, 7.839999999999999
42.5268, 13.3152, 1.9599999999999997
42.5198, 13.2808, 1.6900000000000002
42.5925, 13.234, 1.9599999999999997
42.611, 13.326, 0.81
42.594, 13.2232, 2.5600000000000005
42.4848, 13.2738, 3.61
42.4653, 13.284, 2.8899999999999997
42.6007, 13.3015, 1.9599999999999997
42.5193, 13.2773, 1.2100000000000002
42.5687, 13.3567, 2.5600000000000005
42.505, 13.3123, 3.24
42.579, 13.3002, 3.24
42.5327, 13.3463, 2.8899999999999997
42.6053, 13.3095, 1
42.5258, 13.324, 2.8899999999999997
42.6088, 13.3008, 3.24
42.5978, 13.3102, 1.9599999999999997
42.5368, 13.3348, 4
42.5902, 13.3268, 1.6900000000000002
42.6007, 13.239, 3.24
42.5433, 13.3292, 5.76
42.4937, 13.3775, 2.25
42.483, 13.3735, 2.5600000000000005
42.5332, 13.2787, 2.5600000000000005
42.584, 13.2637, 4.41
42.4965, 13.2823, 4.840000000000001
42.5682, 13.2293, 3.24
42.5737, 13.2583, 5.76
42.5868, 13.305, 1.44
42.6067, 13.2213, 2.8899999999999997
42.4588, 13.2875, 2.25
42.5027, 13.3163, 2.8899999999999997
42.5985, 13.3193, 2.25
42.5745, 13.3147, 2.25
42.6042, 13.276, 2.8899999999999997
42.4502, 13.2908, 4.41
42.5965, 13.3138, 3.24
42.4773, 13.311, 1.44
42.504, 13.3172, 1.44
42.5938, 13.3285, 3.61
42.6087, 13.2837, 5.76
42.5858, 13.2512, 2.25
42.6158, 13.2863, 1.9599999999999997
42.5957, 13.3017, 2.8899999999999997
42.552, 13.326, 0.6400000000000001
42.5983, 13.3083, 2.8899999999999997
42.6012, 13.3067, 1.9599999999999997
42.5017, 13.3532, 2.8899999999999997
42.5992, 13.2278, 3.24
42.5878, 13.2272, 2.5600000000000005
42.5298, 13.2617, 3.24
42.499, 13.3927, 2.25
42.6013, 13.3103, 1.44
42.4957, 13.2577, 1.44
42.5453, 13.3157, 2.5600000000000005
42.6168, 13.3107, 5.76
42.5682, 13.329, 1.6900000000000002
42.5773, 13.3152, 4.840000000000001
42.5312, 13.2847, 0.81
42.5175, 13.2837, 2.8899999999999997
42.5887, 13.3068, 2.8899999999999997
42.6093, 13.252, 1
42.6068, 13.2202, 2.25
42.5343, 13.3097, 1.6900000000000002
42.5873, 13.238, 1.6900000000000002
42.5963, 13.3117, 2.25
42.5983, 13.3028, 1.6900000000000002
42.5387, 13.3287, 4
42.5898, 13.3037, 2.5600000000000005
42.5992, 13.3547, 2.5600000000000005
42.6012, 13.2237, 3.24
42.5947, 13.2527, 2.5600000000000005
42.6027, 13.2258, 7.290000000000001
42.5752, 13.3323, 1.9599999999999997
42.5927, 13.2527, 6.760000000000001
42.5348, 13.3285, 2.25
42.556, 13.2183, 2.5600000000000005
42.6037, 13.2753, 2.8899999999999997
42.4623, 13.2807, 4.41
42.4562, 13.286, 12.25
42.5982, 13.2207, 1.9599999999999997
42.5848, 13.2468, 1.9599999999999997
42.5903, 13.3267, 1.9599999999999997
42.584, 13.3367, 1.9599999999999997
42.6028, 13.308, 2.25
42.599, 13.3063, 3.24
42.5522, 13.2647, 2.5600000000000005
42.5983, 13.2967, 2.5600000000000005
42.5543, 13.3447, 3.61
42.545, 13.2723, 3.24
42.5468, 13.2467, 1.9599999999999997
42.5922, 13.318, 2.5600000000000005
42.5998, 13.3225, 2.25
42.5047, 13.3517, 0.81
42.4785, 13.2522, 2.5600000000000005
42.5838, 13.3277, 2.25
42.4843, 13.3237, 1.6900000000000002
42.5277, 13.3608, 1.44
42.4978, 13.2672, 1.6900000000000002
42.6028, 13.3127, 2.8899999999999997
42.4962, 13.2642, 2.8899999999999997
42.5107, 13.3017, 2.8899999999999997
42.6035, 13.3068, 1.44
42.598, 13.2943, 2.8899999999999997
42.5938, 13.3158, 2.8899999999999997
42.5463, 13.3152, 6.760000000000001
42.513, 13.2525, 1.6900000000000002
42.4627, 13.2848, 3.24
42.5348, 13.327, 0.81
42.6048, 13.3023, 2.5600000000000005
42.5852, 13.2492, 2.8899999999999997
42.5922, 13.2243, 2.25
42.5918, 13.2292, 3.24
42.5692, 13.2107, 0.81
42.592, 13.3052, 2.8899999999999997
42.59, 13.2503, 2.25
42.5988, 13.3185, 1.2100000000000002
42.6037, 13.3122, 1.9599999999999997
42.5967, 13.3075, 2.5600000000000005
42.5822, 13.2857, 1.44
42.5977, 13.3182, 4
42.6135, 13.2897, 2.8899999999999997
42.6152, 13.2663, 4.41
42.4888, 13.2953, 2.5600000000000005
42.6025, 13.2928, 1.6900000000000002
42.5408, 13.3417, 2.8899999999999997
42.5072, 13.2928, 2.25
42.592, 13.3128, 1.44
42.6075, 13.314, 2.5600000000000005
42.5987, 13.3152, 3.24
42.5372, 13.2557, 4
42.6025, 13.3038, 2.25
42.5873, 13.3228, 2.25
42.5942, 13.3177, 5.289999999999999
42.5377, 13.2777, 2.8899999999999997
42.4917, 13.2573, 2.25
42.5465, 13.2108, 2.5600000000000005
42.5738, 13.2595, 1.9599999999999997
42.591, 13.3088, 3.61
42.5978, 13.3252, 2.8899999999999997
42.4917, 13.2988, 2.25
42.5162, 13.3948, 2.8899999999999997
42.587, 13.2363, 1.6900000000000002
42.5527, 13.3492, 1.2100000000000002
42.6012, 13.317, 2.5600000000000005
42.5262, 13.3512, 1.9599999999999997
42.5373, 13.262, 1.9599999999999997
42.5343, 13.2632, 6.760000000000001
42.5908, 13.3257, 3.61
42.5968, 13.2557, 3.61
42.5928, 13.3275, 2.5600000000000005
42.5732, 13.2203, 2.25
42.6125, 13.2598, 3.61
42.6088, 13.3132, 2.8899999999999997
42.5887, 13.2638, 3.24
42.6037, 13.3143, 3.61
42.599, 13.2827, 4
42.5942, 13.3172, 3.24
42.6018, 13.2653, 4.41
42.497, 13.3193, 4.840000000000001
42.5938, 13.3192, 7.839999999999999
42.6068, 13.3182, 3.61
42.6003, 13.3318, 2.5600000000000005
42.5927, 13.2968, 1.9599999999999997
42.5823, 13.3237, 2.5600000000000005
42.5948, 13.3323, 4
42.6022, 13.3253, 5.76
42.6065, 13.3212, 10.889999999999999
42.5595, 13.2253, 2.5600000000000005
42.5467, 13.3098, 4
42.5967, 13.3225, 2.8899999999999997
42.6052, 13.3263, 4
42.6127, 13.2827, 5.289999999999999
42.5918, 13.317, 2.25
42.5335, 13.3542, 2.5600000000000005
42.5935, 13.3108, 2.25
42.4953, 13.2508, 1.6900000000000002
42.4975, 13.2843, 6.25
42.6053, 13.3152, 2.5600000000000005
42.6043, 13.3003, 2.8899999999999997
42.5028, 13.2822, 3.24
42.4797, 13.2935, 3.61
42.6117, 13.329, 2.25
42.5973, 13.3142, 4.41
42.5882, 13.326, 2.8899999999999997
42.6072, 13.232, 3.61
42.5047, 13.3873, 1.44
42.575, 13.2568, 2.25
42.589, 13.2567, 1.9599999999999997
42.6027, 13.3253, 3.61
42.6052, 13.3168, 4.41
42.6083, 13.3097, 1.44
42.5497, 13.3418, 1.9599999999999997
42.5645, 13.2602, 1.44
42.6022, 13.3162, 2.8899999999999997
42.6068, 13.2707, 2.25
42.5133, 13.2845, 2.5600000000000005
42.6053, 13.2268, 2.5600000000000005
42.5383, 13.3023, 1.6900000000000002
42.6152, 13.2882, 1.44
42.587, 13.2527, 2.5600000000000005
42.6172, 13.3018, 2.25
42.6055, 13.3107, 1.6900000000000002
42.5038, 13.3342, 2.5600000000000005
42.6063, 13.3042, 2.8899999999999997
42.5273, 13.2782, 2.5600000000000005
42.4958, 13.3785, 1.9599999999999997
42.5878, 13.3133, 2.8899999999999997
42.5892, 13.2373, 2.25
42.6093, 13.3312, 6.25
42.5767, 13.3227, 2.8899999999999997
42.5847, 13.2423, 2.8899999999999997
42.6127, 13.2553, 3.61
42.5905, 13.3262, 2.8899999999999997
42.6103, 13.3222, 3.24
42.5478, 13.3412, 2.25
42.5863, 13.3177, 2.8899999999999997
42.5568, 13.3492, 2.8899999999999997
42.5978, 13.3142, 8.41
42.593, 13.3112, 3.24
42.582, 13.3283, 0.48999999999999994
42.5458, 13.3478, 2.8899999999999997
42.5827, 13.3347, 1.9599999999999997
42.6042, 13.2325, 1.44
42.6077, 13.3098, 2.5600000000000005
42.5218, 13.3408, 1.9599999999999997
42.6148, 13.2982, 2.25
42.5938, 13.3068, 3.24
42.6028, 13.3242, 9
42.5742, 13.21, 1
42.5103, 13.3135, 2.25
42.6025, 13.2823, 2.5600000000000005
42.499, 13.3383, 1.9599999999999997
42.594, 13.3205, 1.6900000000000002
42.6038, 13.2442, 2.25
42.6062, 13.2768, 1.9599999999999997
42.5173, 13.2542, 2.5600000000000005
42.5678, 13.2665, 1.9599999999999997
42.5977, 13.3135, 1.44
42.5603, 13.3462, 1.6900000000000002
42.5873, 13.3067, 2.5600000000000005
42.5148, 13.2522, 3.61
42.4887, 13.2303, 2.25
42.5913, 13.3237, 2.5600000000000005
42.5927, 13.3033, 3.24
42.6153, 13.2993, 2.25
42.5742, 13.23, 1.9599999999999997
42.6118, 13.3032, 1.44
42.5332, 13.2898, 1.6900000000000002
42.5897, 13.3078, 2.5600000000000005
42.4973, 13.3237, 2.25
42.558, 13.3017, 2.8899999999999997
42.598, 13.2257, 2.5600000000000005
42.6108, 13.3248, 2.25
42.6042, 13.3077, 1.44
42.6093, 13.2978, 2.8899999999999997
42.5998, 13.2898, 6.760000000000001
42.5407, 13.3482, 3.24
42.6158, 13.2937, 3.24
42.6008, 13.3258, 1.9599999999999997
42.5208, 13.2797, 3.24
42.5218, 13.2828, 1.6900000000000002
42.482, 13.3002, 4.840000000000001
42.5517, 13.3422, 3.24
42.5882, 13.3173, 2.25
42.5248, 13.277, 2.8899999999999997
42.5897, 13.32, 4
42.6042, 13.2297, 1.2100000000000002
42.566, 13.2767, 1.9599999999999997
42.5847, 13.3212, 2.25
42.5922, 13.2802, 6.760000000000001
42.5737, 13.2472, 3.24
42.5927, 13.3178, 1.2100000000000002
42.6103, 13.3253, 1
42.5792, 13.3342, 1.9599999999999997
42.5275, 13.3635, 2.5600000000000005
42.5928, 13.298, 2.8899999999999997
42.5933, 13.3112, 4.41
42.6032, 13.2918, 1.2100000000000002
42.5957, 13.2978, 3.24
42.5917, 13.2837, 5.289999999999999
42.6012, 13.3002, 3.24
42.5945, 13.3123, 2.8899999999999997
42.6093, 13.2977, 1.6900000000000002
42.6022, 13.2172, 2.25
42.5118, 13.2802, 3.24
42.6085, 13.3117, 4.41
42.5167, 13.2525, 5.76
42.495, 13.348, 3.24
42.5997, 13.3042, 2.5600000000000005
42.5225, 13.2852, 2.5600000000000005
42.5055, 13.2778, 1.44
42.608, 13.308, 1
42.5112, 13.3423, 7.290000000000001
42.6103, 13.3082, 2.8899999999999997
42.5388, 13.2775, 1.44
42.5892, 13.3338, 2.25
42.5932, 13.3168, 2.5600000000000005
42.5142, 13.274, 1.44
42.5633, 13.2387, 2.5600000000000005
42.5732, 13.3322, 1.6900000000000002
42.4708, 13.2827, 4.840000000000001
42.5913, 13.2323, 1.9599999999999997
42.586, 13.2447, 2.8899999999999997
42.5452, 13.3225, 2.5600000000000005
42.59, 13.3228, 2.8899999999999997
42.4958, 13.2907, 1.2100000000000002
42.5822, 13.3098, 3.61
42.5728, 13.2558, 1.9599999999999997
42.578, 13.2798, 3.24
42.525, 13.278, 2.25
42.6015, 13.2913, 4
42.5243, 13.2682, 1.6900000000000002
42.6168, 13.2533, 2.5600000000000005
42.5717, 13.2592, 1.9599999999999997
42.5477, 13.3097, 1.2100000000000002
42.6015, 13.2867, 1.44
42.5978, 13.3228, 3.24
42.5118, 13.2788, 5.76
42.5528, 13.3055, 1.44
42.5943, 13.2593, 2.25
42.5148, 13.3545, 2.25
42.5173, 13.28, 5.289999999999999
42.5922, 13.3203, 3.24
42.5422, 13.2402, 1.6900000000000002
42.5928, 13.2728, 1.6900000000000002
42.5888, 13.3233, 3.24
42.5375, 13.3268, 4
42.5987, 13.2935, 2.5600000000000005
42.5925, 13.3152, 2.25
42.5007, 13.3918, 2.8899999999999997
42.5133, 13.2608, 3.24
42.5877, 13.2993, 3.24
42.5947, 13.2865, 1.6900000000000002
42.5867, 13.3273, 2.5600000000000005
42.5792, 13.3763, 2.25
42.5478, 13.3088, 2.25
42.5877, 13.3282, 1.6900000000000002
42.588, 13.3053, 5.76
42.5288, 13.2673, 2.8899999999999997
42.5272, 13.3367, 2.5600000000000005
42.6033, 13.311, 1.9599999999999997
42.5818, 13.3088, 4.41
42.5263, 13.2343, 3.24
42.6042, 13.3033, 2.5600000000000005
42.6018, 13.3075, 2.5600000000000005
42.526, 13.2913, 2.25
42.5443, 13.26, 3.61
42.5112, 13.3632, 1.9599999999999997
42.592, 13.2583, 1.9599999999999997
42.4937, 13.3763, 5.76
42.589, 13.3328, 2.25
42.5165, 13.2553, 2.8899999999999997
42.5997, 13.3087, 3.24
42.592, 13.319, 1.9599999999999997
42.5172, 13.2478, 5.289999999999999
42.5107, 13.3263, 2.25
42.599, 13.2995, 0.6400000000000001
42.5327, 13.2558, 2.25
42.6072, 13.2255, 2.8899999999999997
42.6053, 13.2327, 2.5600000000000005
42.604, 13.2293, 1.44
42.5815, 13.2317, 1.2100000000000002
42.6107, 13.3167, 1.2100000000000002
42.5172, 13.2742, 5.289999999999999
42.4982, 13.2942, 2.5600000000000005
42.5607, 13.3128, 2.8899999999999997
42.5947, 13.2975, 4.840000000000001
42.5942, 13.3218, 2.5600000000000005
42.5307, 13.3345, 4.41
42.5932, 13.3135, 3.24
42.559, 13.2297, 1.2100000000000002
42.6057, 13.3182, 2.5600000000000005
42.6002, 13.3288, 4
42.539, 13.3393, 3.61
42.5807, 13.294, 5.289999999999999
42.463, 13.2597, 4
42.6088, 13.2882, 5.76
42.5348, 13.2732, 4
42.5903, 13.2973, 5.76
42.5983, 13.294, 4.41
42.6033, 13.3118, 1.9599999999999997
42.5208, 13.251, 3.24
42.5228, 13.2417, 5.76
42.4897, 13.3107, 1.44
42.5885, 13.3032, 4
42.5417, 13.3108, 2.8899999999999997
42.5967, 13.3198, 2.8899999999999997
42.5863, 13.2542, 2.8899999999999997
42.5817, 13.3217, 1.44
42.588, 13.2248, 4
42.6168, 13.304, 2.8899999999999997
42.6007, 13.3018, 5.289999999999999
42.6145, 13.2903, 4
42.5878, 13.261, 3.24
42.5527, 13.3163, 2.5600000000000005
42.5918, 13.3118, 3.24
42.5958, 13.2138, 2.25
42.5955, 13.3155, 1.6900000000000002
42.5897, 13.2555, 2.25
42.5112, 13.2568, 4.41
42.5343, 13.2685, 1.44
42.5188, 13.2527, 5.289999999999999
42.6072, 13.308, 1.44
42.5748, 13.3188, 1
42.592, 13.3283, 3.61
42.539, 13.3273, 3.24
42.5908, 13.3168, 1.44
42.5787, 13.248, 4
42.589, 13.2867, 2.8899999999999997
42.6075, 13.3132, 2.8899999999999997
42.5945, 13.3107, 1.6900000000000002
42.5923, 13.3143, 2.25
42.5805, 13.2828, 0.6400000000000001
42.5948, 13.2997, 2.8899999999999997
42.5513, 13.2762, 1.2100000000000002
42.5223, 13.3452, 0.6400000000000001
42.6043, 13.3198, 1.9599999999999997
42.5953, 13.3425, 1.6900000000000002
42.5965, 13.324, 2.8899999999999997
42.5195, 13.2765, 1.6900000000000002
42.5873, 13.3162, 2.5600000000000005
42.5838, 13.3115, 2.25
42.5882, 13.3153, 3.61
42.5998, 13.3283, 1.9599999999999997
42.5553, 13.3452, 1.2100000000000002
42.5927, 13.3143, 1.9599999999999997
42.5255, 13.3508, 2.8899999999999997
42.5995, 13.2927, 1.9599999999999997
42.6077, 13.2603, 2.25
42.4913, 13.2782, 6.25
42.5943, 13.32, 1.44
42.5847, 13.3258, 4.840000000000001
42.6073, 13.309, 3.61
42.5878, 13.2243, 3.24
42.5412, 13.3212, 6.25
42.5883, 13.2298, 0.6400000000000001
42.5908, 13.3007, 3.61
42.6018, 13.2728, 1.9599999999999997
42.5947, 13.2668, 1.9599999999999997
42.5548, 13.2547, 2.8899999999999997
42.597, 13.2287, 4.41
42.6015, 13.26, 2.5600000000000005
42.6098, 13.2895, 2.25
42.5448, 13.327, 8.41
42.5847, 13.2393, 4
42.5138, 13.2737, 3.24
42.593, 13.3067, 2.5600000000000005
42.5838, 13.3327, 2.5600000000000005
42.5922, 13.3205, 1.6900000000000002
42.6042, 13.3073, 1.9599999999999997
42.5217, 13.3437, 3.61
42.5982, 13.3212, 1.9599999999999997
42.4673, 13.2567, 2.8899999999999997
42.5507, 13.3457, 3.24
42.5557, 13.3437, 1.44
42.6097, 13.2943, 1.9599999999999997
42.5447, 13.3313, 4.840000000000001
42.6013, 13.3, 3.24
42.5962, 13.3063, 2.8899999999999997
42.5827, 13.229, 3.24
42.5923, 13.3312, 1.9599999999999997
42.5982, 13.332, 2.25
42.4932, 13.2867, 4.840000000000001
42.4993, 13.3012, 1
42.5957, 13.3132, 4.41
42.4917, 13.2852, 6.25
42.591, 13.3023, 1.9599999999999997
42.5472, 13.3467, 1.6900000000000002
42.6047, 13.2602, 2.5600000000000005
42.5985, 13.3203, 2.25
42.5778, 13.2628, 1.9599999999999997
42.5497, 13.3377, 4
42.5223, 13.3708, 0.6400000000000001
42.5197, 13.2918, 2.25
42.5627, 13.3545, 4
42.5018, 13.3297, 2.8899999999999997
42.6115, 13.2395, 2.25
42.6022, 13.2842, 2.25
42.5958, 13.3193, 4.840000000000001
42.6088, 13.3243, 1.9599999999999997
42.5763, 13.3265, 2.5600000000000005
42.5945, 13.3183, 2.8899999999999997
42.5855, 13.2743, 1.9599999999999997
42.5937, 13.3068, 9.610000000000001
42.5918, 13.3172, 2.8899999999999997
42.6025, 13.3358, 2.5600000000000005
42.5833, 13.2573, 2.8899999999999997
42.5923, 13.3183, 2.5600000000000005
42.6025, 13.3352, 2.25
42.5368, 13.3612, 2.25
42.6123, 13.2958, 1.2100000000000002
42.578, 13.3068, 4
42.5797, 13.3263, 1.2100000000000002
42.5542, 13.203, 2.5600000000000005
42.6002, 13.3073, 3.61
42.6027, 13.2698, 2.5600000000000005
42.5137, 13.3055, 2.5600000000000005
42.5727, 13.2628, 8.41
42.5528, 13.3407, 4.41
42.5903, 13.3328, 5.289999999999999
42.5437, 13.3202, 2.8899999999999997
42.5218, 13.2892, 3.61
42.5917, 13.3183, 3.61
42.601, 13.313, 3.24
42.5232, 13.2573, 3.24
42.5998, 13.3103, 2.25
42.597, 13.3415, 3.24
42.5218, 13.3545, 1.6900000000000002
42.4742, 13.319, 2.5600000000000005
42.5305, 13.3545, 1.6900000000000002
42.6107, 13.2998, 2.25
42.5967, 13.3023, 2.5600000000000005
42.5362, 13.3472, 4.41
42.5793, 13.2992, 0.6400000000000001
42.5123, 13.3037, 2.25
42.5752, 13.3195, 4
42.5262, 13.3668, 4.840000000000001
42.5912, 13.3123, 3.24
42.5947, 13.3083, 3.24
42.5915, 13.3175, 4.840000000000001
42.5973, 13.2923, 4.840000000000001
42.5913, 13.2998, 2.8899999999999997
42.6063, 13.3173, 2.25
42.5688, 13.3225, 2.8899999999999997
42.5932, 13.2913, 5.289999999999999
42.4938, 13.2928, 2.25
42.6022, 13.2523, 4
42.5267, 13.357, 2.5600000000000005
42.5165, 13.356, 1.2100000000000002
42.5863, 13.3092, 4.41
42.5055, 13.2842, 3.61
42.5642, 13.3525, 4.41
42.4948, 13.2783, 4.840000000000001
42.5027, 13.2607, 5.289999999999999
42.5723, 13.2575, 6.25
42.6092, 13.2925, 2.5600000000000005
42.5417, 13.3423, 2.8899999999999997
42.5453, 13.3478, 2.8899999999999997
42.5852, 13.3028, 1.9599999999999997
42.5992, 13.325, 2.5600000000000005
42.5878, 13.3397, 5.289999999999999
42.6003, 13.3075, 2.8899999999999997
42.6048, 13.3093, 3.61
42.6115, 13.2852, 2.8899999999999997
42.4897, 13.3762, 6.25
42.5872, 13.2288, 3.61
42.5865, 13.2558, 4.41
42.5302, 13.3412, 4.41
42.5487, 13.3033, 2.8899999999999997
42.5955, 13.3343, 2.8899999999999997
42.5412, 13.3218, 3.24
42.5758, 13.3195, 4
42.5425, 13.336, 3.61
42.5458, 13.26, 3.61
42.5357, 13.3318, 4.41
42.5333, 13.305, 2.8899999999999997
42.5443, 13.3073, 3.24
42.5933, 13.3153, 3.61
42.5848, 13.3205, 4
42.5498, 13.2777, 3.24
42.5973, 13.3102, 3.24
42.5802, 13.3, 3.24
42.5378, 13.3323, 4.840000000000001
42.4862, 13.3178, 3.24
42.5472, 13.3438, 3.61
42.5855, 13.3088, 3.61
42.5925, 13.2743, 3.61
42.5308, 13.3103, 2.8899999999999997
42.5898, 13.3182, 2.25
42.5568, 13.3197, 2.8899999999999997
42.5852, 13.3018, 7.839999999999999
42.5407, 13.3327, 7.839999999999999
42.589, 13.3133, 5.289999999999999
42.5773, 13.2932, 5.76
42.4647, 13.3615, 4.840000000000001
42.5872, 13.3227, 3.24
42.5893, 13.3072, 4.41
42.5253, 13.3395, 3.24
42.5875, 13.328, 4.41
42.5903, 13.2405, 2.5600000000000005
42.5298, 13.2787, 3.24
42.5822, 13.3108, 2.25
42.5253, 13.2678, 2.25
42.4857, 13.2492, 2.5600000000000005
42.573, 13.2968, 1.9599999999999997
42.5558, 13.3315, 2.8899999999999997
42.5463, 13.2747, 3.61
42.5798, 13.3108, 6.25
42.5888, 13.3247, 2.5600000000000005
42.6022, 13.3023, 3.61
42.5795, 13.3058, 4.41
42.5362, 13.3303, 5.289999999999999
42.589, 13.2938, 3.61
42.498, 13.2552, 2.5600000000000005
42.5352, 13.3078, 3.61
42.4898, 13.2967, 7.290000000000001
42.526, 13.3717, 2.25
42.6037, 13.3187, 4.41
42.5398, 13.2922, 9.610000000000001
42.5972, 13.3053, 4
42.4693, 13.2638, 3.24
42.5238, 13.3518, 3.61
42.5367, 13.3347, 2.8899999999999997
42.5972, 13.2222, 3.61
42.5863, 13.3043, 2.5600000000000005
42.5778, 13.255, 3.24
42.5355, 13.302, 4.840000000000001
42.5158, 13.3603, 4.41
42.5928, 13.3192, 3.24
42.5918, 13.2695, 2.5600000000000005
42.5813, 13.3063, 6.760000000000001
42.612, 13.3288, 4
42.5923, 13.3117, 6.760000000000001
42.5092, 13.2963, 4.41
42.5288, 13.2562, 4.41
42.4908, 13.2762, 3.61
42.591, 13.3057, 7.290000000000001
42.5097, 13.2923, 4.41
42.545, 13.2545, 2.25
42.5733, 13.3005, 3.24
42.5167, 13.294, 3.61
42.592, 13.2347, 3.61
42.5875, 13.2162, 8.41
42.5662, 13.1922, 5.289999999999999
42.5403, 13.2832, 3.61
42.5878, 13.3187, 7.839999999999999
42.5537, 13.3182, 2.25
42.5372, 13.2657, 4.840000000000001
42.6167, 13.2797, 4.41
42.6025, 13.3303, 7.290000000000001
42.5408, 13.3343, 2.8899999999999997
42.5255, 13.3213, 6.25
42.5218, 13.2912, 3.61
42.5945, 13.3097, 2.8899999999999997
42.5808, 13.3208, 4
42.6022, 13.2247, 2.25
42.5832, 13.3103, 2.8899999999999997
42.5803, 13.3147, 2.8899999999999997
42.5562, 13.3097, 2.25
42.505, 13.2823, 1.2100000000000002
42.4922, 13.3113, 2.25
42.594, 13.3108, 3.24
42.5478, 13.2642, 3.61
42.587, 13.2337, 4.41
42.4997, 13.3233, 4
42.5277, 13.2882, 2.8899999999999997
42.5252, 13.2687, 2.8899999999999997
42.5192, 13.3158, 3.24
42.5873, 13.3203, 2.5600000000000005
42.5635, 13.329, 1.9599999999999997
42.5048, 13.2977, 2.25
42.5888, 13.3042, 4.41
42.5768, 13.3107, 3.61
42.5617, 13.2907, 1
42.5402, 13.3148, 3.61
42.5787, 13.2507, 4
42.5443, 13.3363, 3.61
42.616, 13.2628, 4.41
42.5708, 13.267, 2.8899999999999997
42.5787, 13.3207, 4
42.5723, 13.2872, 5.289999999999999
42.5468, 13.3238, 6.25
42.5683, 13.3158, 2.5600000000000005
42.5983, 13.3043, 5.76
42.5343, 13.3133, 5.289999999999999
42.4775, 13.3035, 3.24
42.5038, 13.3107, 4.840000000000001
42.6163, 13.2588, 2.5600000000000005
42.5125, 13.3073, 3.24
42.4732, 13.2622, 2.25
42.5083, 13.3132, 2.8899999999999997
42.5768, 13.2597, 5.289999999999999
42.5285, 13.3612, 4
42.5845, 13.3077, 6.760000000000001
42.5533, 13.3495, 4.840000000000001
42.5695, 13.3063, 2.8899999999999997
42.5893, 13.2092, 5.289999999999999
42.5252, 13.3118, 4
42.5893, 13.3162, 5.289999999999999
42.6003, 13.3072, 2.25
42.5685, 13.2728, 4.41
42.5725, 13.3213, 3.24
42.5793, 13.3018, 4
42.5103, 13.3, 4
42.5048, 13.3182, 3.61
42.604, 13.2293, 4.840000000000001
42.5245, 13.3617, 2.8899999999999997
42.584, 13.2622, 3.61
42.5967, 13.2997, 1.2100000000000002
42.6005, 13.3202, 4.840000000000001
42.6098, 13.2698, 4.41
42.4723, 13.3673, 2.8899999999999997
42.5972, 13.3238, 2.8899999999999997
42.5213, 13.2645, 5.289999999999999
42.5052, 13.2742, 4.840000000000001
42.4892, 13.3097, 2.5600000000000005
42.5977, 13.3493, 2.5600000000000005
42.5953, 13.3182, 2.25
42.4653, 13.2593, 3.61
42.6103, 13.2307, 3.24
42.5457, 13.2748, 3.24
42.5908, 13.3192, 1.9599999999999997
42.5937, 13.3043, 3.24
42.4692, 13.2842, 9
42.5815, 13.3103, 3.61
42.5482, 13.2338, 3.24
42.5825, 13.293, 7.839999999999999
42.5683, 13.2672, 4.41
42.6098, 13.2623, 4
42.5298, 13.303, 3.61
42.5962, 13.2722, 3.61
42.6052, 13.3302, 4
42.5743, 13.3018, 4.41
42.5833, 13.2547, 3.24
42.5033, 13.3093, 4.41
42.534, 13.2565, 4
42.4903, 13.3138, 4
42.5982, 13.2237, 2.25
42.5393, 13.3555, 3.24
42.5813, 13.2912, 4.41
42.5793, 13.2893, 6.25
42.4697, 13.3075, 4.41
42.4897, 13.2305, 4.41
42.5912, 13.2893, 4.41
42.5705, 13.2888, 2.8899999999999997
42.5628, 13.3038, 2.8899999999999997
42.5738, 13.3207, 4.41
42.6065, 13.2982, 1.9599999999999997
42.5242, 13.3225, 2.25
42.6093, 13.3075, 4.840000000000001
42.5407, 13.2298, 2.5600000000000005
42.4882, 13.27, 5.289999999999999
42.5935, 13.2513, 3.61
42.5957, 13.2225, 3.24
42.5807, 13.2303, 3.24
42.5715, 13.2587, 6.25
42.5098, 13.3078, 3.61
42.593, 13.2637, 2.8899999999999997
42.5927, 13.3043, 11.559999999999999
42.6028, 13.2812, 3.24
42.5395, 13.2547, 3.24
42.599, 13.3003, 2.8899999999999997
42.5552, 13.3467, 4.840000000000001
42.6167, 13.2958, 3.61
42.5053, 13.2728, 4.41
42.5712, 13.2808, 3.24
42.585, 13.2398, 3.61
42.5857, 13.2578, 2.8899999999999997
42.5877, 13.3462, 2.25
42.5808, 13.2965, 0.81
42.5585, 13.3193, 3.61
42.574, 13.2423, 2.25
42.4962, 13.3057, 3.61
42.5973, 13.2942, 4.840000000000001
42.5403, 13.3468, 2.5600000000000005
42.5808, 13.243, 5.289999999999999
42.5357, 13.373, 4
42.5877, 13.2698, 2.8899999999999997
42.6058, 13.345, 2.8899999999999997
42.5562, 13.2382, 2.8899999999999997
42.5832, 13.3052, 2.25
42.5767, 13.222, 6.760000000000001
42.5897, 13.3263, 3.24
42.5667, 13.2988, 3.61
42.5745, 13.3152, 4.41
42.5757, 13.3082, 1.6900000000000002
42.55, 13.2772, 4.41
42.6138, 13.2972, 3.24
42.6023, 13.2212, 4.840000000000001
42.5982, 13.2257, 4
42.5633, 13.3547, 2.5600000000000005
42.4827, 13.2807, 3.24
42.5977, 13.2517, 6.25
42.4935, 13.2787, 2.25
42.5162, 13.3188, 2.5600000000000005
42.5935, 13.2512, 3.61
42.6035, 13.2227, 2.25
42.5928, 13.3283, 4.41
42.6118, 13.3105, 3.24
42.5893, 13.2378, 4
42.5677, 13.3152, 3.61
42.5673, 13.2698, 4.840000000000001
42.564, 13.2592, 4
42.613, 13.2892, 4.41
42.5718, 13.316, 4.41
42.603, 13.3242, 3.61
42.483, 13.2445, 2.8899999999999997
42.5873, 13.303, 4
42.5717, 13.2453, 4.41
42.4732, 13.2685, 3.24
42.5497, 13.2538, 3.24
42.5918, 13.2503, 4
42.5917, 13.2448, 2.5600000000000005
42.5713, 13.3017, 1.9599999999999997
42.5847, 13.2982, 3.61
42.5103, 13.3482, 4
42.4818, 13.3622, 4
42.577, 13.3202, 3.24
42.6003, 13.2503, 6.760000000000001
42.5537, 13.2585, 2.5600000000000005
42.5248, 13.2642, 1.9599999999999997
42.5053, 13.3023, 3.24
42.6138, 13.2572, 4
42.5532, 13.339, 4
42.4958, 13.3072, 3.24
42.5923, 13.3232, 2.5600000000000005
42.5962, 13.3233, 4.840000000000001
42.5072, 13.3052, 4.41
42.5895, 13.328, 2.8899999999999997
42.5963, 13.2603, 4.840000000000001
42.5647, 13.301, 8.41
42.5857, 13.2498, 5.289999999999999
42.5347, 13.3327, 3.24
42.6097, 13.3178, 2.8899999999999997
42.5083, 13.3073, 4
42.5758, 13.3048, 9.610000000000001
42.5765, 13.2418, 3.24
42.4705, 13.2673, 3.61
42.6197, 13.2845, 4.840000000000001
42.4957, 13.3152, 4.840000000000001
42.5787, 13.3108, 3.61
42.588, 13.3292, 8.41
42.5932, 13.2957, 11.559999999999999
42.5897, 13.3092, 5.76
42.4945, 13.3068, 5.289999999999999
42.4783, 13.3132, 3.61
42.5547, 13.3762, 3.24
42.4992, 13.3152, 3.24
42.5978, 13.3177, 5.289999999999999
42.4877, 13.3107, 2.25
42.4847, 13.1963, 3.61
42.6153, 13.2968, 6.25
42.5868, 13.3287, 5.289999999999999
42.5837, 13.317, 4
42.467, 13.2698, 4.41
42.5972, 13.3282, 5.76
42.5767, 13.2995, 2.8899999999999997
42.523, 13.3492, 4
42.5918, 13.3192, 6.760000000000001
42.541, 13.2862, 2.8899999999999997
42.6117, 13.3225, 2.8899999999999997
42.49, 13.3512, 4
42.5653, 13.2817, 5.76
42.4687, 13.2573, 4
42.5152, 13.2832, 5.76
42.5847, 13.2297, 4
42.503, 13.3027, 6.25
42.5972, 13.3243, 4
42.6173, 13.267, 4.840000000000001
42.5507, 13.3707, 4
42.5812, 13.2763, 3.61
42.5857, 13.2288, 3.61
42.5197, 13.3693, 4.41
42.5827, 13.3212, 2.8899999999999997
42.591, 13.3583, 4.41
42.5808, 13.23, 4
42.5748, 13.2505, 4
42.4882, 13.303, 4.41
42.5403, 13.3417, 3.24
42.5935, 13.2838, 3.61
42.5533, 13.2625, 6.25
42.6177, 13.271, 3.61
42.5923, 13.3123, 4
42.5792, 13.2997, 4.840000000000001
42.479, 13.2937, 3.24
42.4937, 13.3203, 4.41
42.5398, 13.3125, 1.9599999999999997
42.5502, 13.3093, 3.61
42.6072, 13.3332, 2.25
42.5733, 13.2543, 3.61
42.5555, 13.2458, 4
42.5882, 13.3033, 2.25
42.5852, 13.3015, 4.41
42.4718, 13.2815, 3.61
42.4843, 13.2702, 6.760000000000001
42.4768, 13.281, 2.5600000000000005
42.5373, 13.2467, 2.25
42.5522, 13.3183, 2.8899999999999997
42.5945, 13.2873, 2.8899999999999997
42.57, 13.2518, 6.760000000000001
42.5453, 13.2677, 1.2100000000000002
42.5842, 13.2555, 2.5600000000000005
42.5368, 13.2773, 4
42.467, 13.3052, 2.5600000000000005
42.4802, 13.253, 3.24
42.5982, 13.351, 3.24
42.5918, 13.3202, 4
42.5603, 13.2767, 4.41
42.4942, 13.3638, 3.24
42.5493, 13.3577, 4.41
42.6073, 13.3047, 4.840000000000001
42.4768, 13.2795, 4
42.5378, 13.3035, 5.76
42.4822, 13.319, 7.290000000000001
42.5583, 13.2452, 4
42.5372, 13.2855, 7.290000000000001
42.4452, 13.3067, 4.840000000000001
42.5948, 13.3163, 7.290000000000001
42.4922, 13.2743, 4
42.6055, 13.3192, 7.839999999999999
42.5123, 13.2918, 4.840000000000001
42.5083, 13.265, 8.41
42.5177, 13.3553, 5.76
42.514, 13.361, 2.5600000000000005
42.6133, 13.2747, 2.25
42.5827, 13.2843, 9.610000000000001
42.5453, 13.3613, 1.44
42.5962, 13.295, 7.290000000000001
42.4778, 13.2808, 4.840000000000001
42.5403, 13.3083, 9
42.4958, 13.2947, 5.76
42.5835, 13.3228, 4.41
42.6047, 13.257, 5.76
42.6005, 13.2968, 5.76
42.515, 13.3328, 7.290000000000001
42.5908, 13.3, 7.290000000000001
42.5583, 13.2512, 5.289999999999999
42.616, 13.2973, 3.24
42.4645, 13.2742, 5.289999999999999
42.4438, 13.2832, 4.840000000000001
42.594, 13.3187, 4.840000000000001
42.5973, 13.2977, 6.760000000000001
42.6175, 13.2687, 1.9599999999999997
42.4777, 13.2782, 3.24
42.4863, 13.2788, 5.289999999999999
42.5163, 13.3638, 4.41
42.5852, 13.287, 2.8899999999999997
42.5962, 13.299, 5.76
42.5673, 13.2475, 2.8899999999999997
42.599, 13.2998, 4.840000000000001
42.5437, 13.3427, 4.41
42.5407, 13.3347, 4
42.5952, 13.3038, 2.8899999999999997
42.5957, 13.2207, 4.840000000000001
42.5263, 13.2278, 5.76
42.47, 13.2725, 2.5600000000000005
42.5103, 13.3033, 5.289999999999999
42.5888, 13.3038, 3.61
42.593, 13.3257, 2.8899999999999997
42.6048, 13.2283, 5.76
42.4933, 13.3168, 6.25
42.6005, 13.3042, 12.25
42.5922, 13.3228, 6.760000000000001
42.5945, 13.2513, 3.24
42.4927, 13.2988, 3.61
42.507, 13.2782, 2.8899999999999997
42.5028, 13.28, 6.760000000000001
42.5788, 13.316, 7.290000000000001
42.6023, 13.3062, 4
42.613, 13.3008, 6.760000000000001
42.5925, 13.227, 5.76
42.5535, 13.2557, 12.25
42.5918, 13.3158, 7.290000000000001
42.592, 13.2965, 6.760000000000001
42.5792, 13.3172, 4
42.5917, 13.3042, 6.760000000000001
42.5897, 13.332, 3.61
42.5353, 13.287, 5.289999999999999
42.5852, 13.2328, 4.840000000000001
42.5838, 13.3312, 4.41
42.5852, 13.2412, 6.25
42.594, 13.3213, 5.76
42.4962, 13.2792, 1.6900000000000002
42.5185, 13.2865, 5.289999999999999
42.6033, 13.2623, 4.840000000000001
42.4717, 13.2708, 1.6900000000000002
42.5132, 13.29, 2.8899999999999997
42.5387, 13.3222, 4.840000000000001
42.5148, 13.3607, 4.840000000000001
42.5982, 13.2493, 1.6900000000000002
42.5597, 13.2388, 5.76
42.5842, 13.3257, 5.76
42.4867, 13.2805, 6.25
42.5615, 13.3662, 4.41
42.6017, 13.308, 2.8899999999999997
42.5068, 13.3738, 6.25
42.5858, 13.3262, 7.290000000000001
42.5632, 13.2387, 6.25
42.6047, 13.3088, 4.840000000000001
42.4648, 13.3005, 4.840000000000001
42.4717, 13.2753, 4.840000000000001
42.5688, 13.3682, 0.6400000000000001
42.5797, 13.3308, 1.9599999999999997
42.4757, 13.2717, 3.61
42.5992, 13.3175, 4.840000000000001
42.5813, 13.3205, 9
42.4902, 13.3113, 6.760000000000001
42.5108, 13.3693, 1.6900000000000002
42.5712, 13.3013, 4.41
42.5575, 13.3357, 0.81
42.5977, 13.2527, 4
42.5302, 13.2492, 5.76
42.5672, 13.2438, 4.41
42.5498, 13.2528, 6.760000000000001
42.5987, 13.2583, 4
42.584, 13.226, 4.41
42.5058, 13.3, 3.24
42.5902, 13.2467, 2.8899999999999997
42.5883, 13.3205, 4
42.6035, 13.2923, 3.24
42.5787, 13.2633, 4.840000000000001
42.4895, 13.3768, 5.289999999999999
42.4912, 13.2707, 2.8899999999999997
42.599, 13.3343, 2.5600000000000005
42.6108, 13.2872, 2.5600000000000005
42.5158, 13.2813, 5.289999999999999
42.519, 13.2455, 6.25
42.5122, 13.2782, 5.76
42.5027, 13.2923, 2.8899999999999997
42.5447, 13.2852, 4
42.5197, 13.2903, 1.6900000000000002
42.5113, 13.3057, 5.289999999999999
42.5832, 13.3027, 3.61
42.5167, 13.2885, 6.25
42.5698, 13.2288, 7.290000000000001
42.5497, 13.2708, 5.289999999999999
42.5263, 13.2767, 5.76
42.6063, 13.2283, 4.840000000000001
42.473, 13.2637, 5.289999999999999
42.6027, 13.2632, 4.41
42.4978, 13.3003, 3.24
42.6078, 13.221, 5.289999999999999
42.6123, 13.3263, 4.840000000000001
42.5957, 13.2998, 5.76
42.4927, 13.3228, 10.889999999999999
42.5897, 13.2933, 6.760000000000001
42.5035, 13.3043, 5.289999999999999
42.5967, 13.2793, 4.41
42.4957, 13.2953, 5.289999999999999
42.5833, 13.2468, 3.61
42.6007, 13.326, 5.289999999999999
42.5953, 13.3158, 4.41
42.5318, 13.3578, 4
42.6013, 13.2352, 5.289999999999999
42.5927, 13.3323, 3.24
42.5773, 13.2783, 4.41
42.5468, 13.3097, 5.289999999999999
42.5182, 13.2933, 5.76
42.5238, 13.2787, 4.840000000000001
42.5417, 13.2683, 3.61
42.4467, 13.2863, 5.76
42.607, 13.3012, 5.76
42.4592, 13.2837, 4
42.4627, 13.2623, 3.24
42.4987, 13.3043, 4
42.5088, 13.3045, 9.610000000000001
42.59, 13.327, 4
42.5555, 13.2938, 4.41
42.5987, 13.3197, 2.8899999999999997
42.5205, 13.2747, 4.840000000000001
42.5178, 13.3547, 5.76
42.5828, 13.2498, 3.24
42.5382, 13.3472, 4.840000000000001
42.5832, 13.2222, 5.289999999999999
42.5368, 13.338, 3.24
42.5408, 13.2562, 5.289999999999999
42.5913, 13.2545, 5.76
42.4658, 13.2705, 4.840000000000001
42.5053, 13.3518, 3.24
42.5958, 13.241, 6.25
42.5813, 13.2435, 3.61
42.5825, 13.2437, 5.289999999999999
42.6073, 13.2445, 4.840000000000001
42.5942, 13.2247, 5.289999999999999
42.6022, 13.2973, 3.61
42.5808, 13.243, 17.64
42.5923, 13.2367, 5.289999999999999
42.515, 13.3513, 4
42.5202, 13.376, 3.24
42.5065, 13.346, 4
42.5133, 13.3448, 4.41
42.6162, 13.2633, 4.41
42.5207, 13.2717, 4.41
42.5948, 13.2548, 4
42.594, 13.2497, 4.840000000000001
42.4727, 13.2698, 4.840000000000001
42.5925, 13.2865, 3.61
42.4855, 13.315, 4
42.5867, 13.2442, 5.76
42.4748, 13.3132, 6.25
42.5877, 13.2412, 7.290000000000001
42.6103, 13.2968, 6.760000000000001
42.5262, 13.3385, 5.76
42.6117, 13.3033, 4.840000000000001
42.5967, 13.3238, 5.289999999999999
42.4925, 13.3175, 5.76
42.5278, 13.2112, 5.76
42.5985, 13.2977, 3.61
42.5303, 13.2773, 6.25
42.5092, 13.2893, 4
42.5333, 13.2648, 5.289999999999999
42.5558, 13.2507, 4.41
42.5067, 13.3518, 4.840000000000001
42.4613, 13.2838, 5.289999999999999
42.606, 13.2572, 2.8899999999999997
42.5635, 13.2717, 5.76
42.5662, 13.2678, 6.760000000000001
42.5953, 13.3253, 5.289999999999999
42.5485, 13.2612, 4.840000000000001
42.4942, 13.3155, 5.76
42.4942, 13.3202, 7.290000000000001
42.5757, 13.3008, 5.76
42.5293, 13.28, 4.41
42.5938, 13.3172, 10.889999999999999
42.6037, 13.2617, 5.76
42.602, 13.2613, 4.840000000000001
42.5703, 13.2497, 3.24
42.5868, 13.2687, 5.76
42.538, 13.3162, 5.76
42.5608, 13.3298, 5.289999999999999
42.4667, 13.2657, 4.41
42.5868, 13.3123, 9.610000000000001
42.4942, 13.3738, 6.25
42.5678, 13.2998, 5.76
42.6007, 13.2422, 4.840000000000001
42.5903, 13.2893, 5.76
42.5943, 13.3268, 5.289999999999999
42.542, 13.2773, 4.840000000000001
42.587, 13.2615, 5.76
42.5737, 13.3392, 10.889999999999999
42.4615, 13.2642, 6.25
42.5938, 13.2502, 4.840000000000001
42.588, 13.2332, 6.760000000000001
42.5358, 13.3302, 5.76
42.509, 13.2747, 5.289999999999999
42.5982, 13.3275, 7.839999999999999
42.5917, 13.2487, 14.44
42.5202, 13.261, 6.25
42.4807, 13.3083, 8.41
42.4858, 13.2953, 4
42.5225, 13.295, 5.76
42.5138, 13.2963, 7.290000000000001
42.4872, 13.26, 5.289999999999999
42.5172, 13.3628, 5.76
42.5515, 13.2988, 6.25
42.4713, 13.3075, 13.690000000000001
42.4893, 13.2673, 5.289999999999999
42.5233, 13.2867, 4.840000000000001
42.4713, 13.2732, 5.289999999999999
42.5163, 13.2748, 5.76
42.5005, 13.3113, 5.289999999999999
42.5602, 13.2623, 8.41
42.502, 13.3395, 4
42.5177, 13.3462, 7.290000000000001
42.4882, 13.3165, 5.289999999999999
42.5888, 13.3177, 4.41
42.4948, 13.3137, 5.289999999999999
42.5198, 13.2803, 6.25
42.5762, 13.2638, 6.25
42.4967, 13.3117, 7.839999999999999
42.4743, 13.2862, 4.41
42.6057, 13.3002, 5.289999999999999
42.4783, 13.3158, 4.840000000000001
42.5247, 13.2605, 8.41
42.4965, 13.2967, 5.289999999999999
42.5532, 13.2943, 7.839999999999999
42.4732, 13.3122, 4.840000000000001
42.5862, 13.2308, 4.840000000000001
42.5907, 13.3082, 6.25
42.5752, 13.3098, 7.290000000000001
42.5732, 13.3163, 5.76
42.5265, 13.2793, 6.760000000000001
42.5387, 13.3418, 4
42.5818, 13.2283, 4
42.484, 13.2878, 5.76
42.5883, 13.3278, 4.840000000000001
42.4928, 13.3125, 8.41
42.5498, 13.3463, 5.289999999999999
42.4755, 13.2663, 6.760000000000001
42.4758, 13.258, 4.840000000000001
42.5473, 13.293, 6.25
42.5955, 13.2923, 4.840000000000001
42.5867, 13.2923, 5.76
42.5688, 13.2817, 4.840000000000001
42.4905, 13.3007, 8.41
42.6097, 13.2978, 18.49
42.5513, 13.264, 6.760000000000001
42.6122, 13.3207, 8.41
42.5153, 13.3183, 12.96
42.5262, 13.2777, 4.840000000000001
42.5938, 13.264, 6.25
42.5873, 13.3232, 3.24
42.4915, 13.2632, 6.760000000000001
42.5238, 13.2747, 4.41
42.5218, 13.2857, 7.839999999999999
42.5795, 13.3008, 6.25
42.5268, 13.2682, 11.559999999999999
42.6008, 13.3143, 10.889999999999999
42.5908, 13.3028, 4.41
42.4947, 13.2965, 5.289999999999999
42.5593, 13.325, 5.289999999999999
42.5052, 13.2918, 6.25
42.4888, 13.2983, 6.760000000000001
42.5082, 13.3718, 12.96
42.521, 13.2697, 9
42.5012, 13.292, 6.25
42.6062, 13.3008, 4.840000000000001
42.6068, 13.3112, 6.760000000000001
42.5105, 13.2857, 7.290000000000001
42.5262, 13.2852, 7.839999999999999
42.5118, 13.2712, 10.889999999999999
42.5293, 13.2698, 3.61
42.5633, 13.2547, 6.25
42.4918, 13.2672, 6.760000000000001
42.5568, 13.3113, 6.25
42.4692, 13.2827, 7.839999999999999
42.6142, 13.3162, 14.44
42.497, 13.2892, 10.240000000000002
42.5243, 13.2858, 12.25
42.4737, 13.2612, 8.41
42.5202, 13.2705, 7.290000000000001
42.5862, 13.2662, 7.839999999999999
42.5127, 13.2715, 8.41
42.5187, 13.2998, 5.289999999999999
42.4917, 13.3047, 10.240000000000002
42.4835, 13.2593, 9
42.4652, 13.2647, 6.25
42.5598, 13.2802, 4.840000000000001
42.5598, 13.286, 10.240000000000002
42.4943, 13.3038, 10.240000000000002
42.5357, 13.262, 14.44
42.4773, 13.2807, 25
42.5097, 13.3052, 6.25
42.5147, 13.3098, 9
42.5923, 13.2882, 9
42.596, 13.3032, 6.760000000000001
42.5272, 13.2857, 7.290000000000001
42.4863, 13.2747, 14.44
42.5388, 13.2868, 6.25
42.492, 13.3183, 4.840000000000001
42.5893, 13.2572, 7.839999999999999
42.5295, 13.3525, 5.76
42.5803, 13.2978, 4.41
42.5143, 13.2748, 4
42.5612, 13.2342, 4.840000000000001
42.5185, 13.2653, 4.41
42.556, 13.2582, 4.840000000000001
42.5222, 13.2573, 5.289999999999999
42.5208, 13.2922, 4
42.5093, 13.2922, 8.41
42.4998, 13.2927, 7.290000000000001
42.5657, 13.3415, 5.76
42.503, 13.2768, 7.839999999999999
42.491, 13.2928, 5.76
42.5135, 13.2752, 7.290000000000001
42.5308, 13.3095, 9.610000000000001
42.5082, 13.2833, 12.25
42.5677, 13.28, 4.840000000000001
42.5248, 13.3542, 5.76
42.545, 13.2563, 6.25
42.48, 13.2938, 7.290000000000001
42.5818, 13.2345, 5.289999999999999
42.5137, 13.3143, 4.41
42.5303, 13.2973, 7.290000000000001
42.549, 13.2787, 10.889999999999999
42.5102, 13.382, 4
42.5257, 13.2972, 8.41
42.5223, 13.2767, 7.839999999999999
42.5503, 13.3093, 6.25
42.5607, 13.2805, 8.41
42.553, 13.3105, 7.839999999999999
42.5343, 13.2847, 15.209999999999999
42.5357, 13.2717, 11.559999999999999
42.5328, 13.2818, 8.41
42.5487, 13.3138, 6.760000000000001
42.5048, 13.3083, 5.76
42.5192, 13.3197, 5.76
42.5608, 13.263, 7.290000000000001
42.5733, 13.2987, 5.76
42.5103, 13.2998, 10.889999999999999
42.5752, 13.2597, 7.839999999999999
42.5532, 13.2273, 6.760000000000001
42.5308, 13.2947, 6.760000000000001
42.5392, 13.269, 5.289999999999999
42.5105, 13.322, 8.41
42.5242, 13.2677, 7.290000000000001
42.5642, 13.2562, 6.25
42.5013, 13.2878, 6.25
42.5023, 13.3107, 7.839999999999999
42.5933, 13.2503, 10.240000000000002
42.581, 13.2498, 6.760000000000001
42.5233, 13.2742, 8.41
42.5287, 13.2702, 11.559999999999999
42.5183, 13.3623, 12.25
42.4818, 13.2972, 11.559999999999999
42.4995, 13.2792, 9
42.4938, 13.2802, 12.25
42.5207, 13.2742, 8.41
42.501, 13.2933, 9
42.4783, 13.2758, 13.690000000000001
42.5378, 13.2882, 16.81
42.5115, 13.2713, 13.690000000000001
42.5715, 13.2597, 10.240000000000002
42.5273, 13.2908, 9.610000000000001
42.5265, 13.2658, 14.44
42.5072, 13.2943, 12.96
42.4943, 13.3112, 29.160000000000004
42.5807, 13.31, 16
42.5172, 13.2993, 10.240000000000002
42.5797, 13.2888, 9.610000000000001
42.5338, 13.2773, 10.240000000000002
42.5463, 13.2752, 21.159999999999997
42.5265, 13.2872, 22.090000000000003
42.5293, 13.2823, 30.25
42.5783, 13.2695, 6.25
42.5793, 13.2507, 7.290000000000001
42.5872, 13.3088, 5.76
42.5377, 13.2602, 6.25
42.5827, 13.3133, 8.41
42.6053, 13.2642, 7.290000000000001
42.5515, 13.2742, 4.840000000000001
42.5837, 13.2767, 4.41
42.5647, 13.3218, 3.61
42.5572, 13.3108, 5.289999999999999
42.6027, 13.27, 6.25
42.5672, 13.283, 5.289999999999999
42.587, 13.299, 5.289999999999999
42.5827, 13.2632, 5.289999999999999
42.5577, 13.2852, 4.840000000000001
42.5655, 13.3065, 5.289999999999999
42.5365, 13.2832, 5.289999999999999
42.5907, 13.2787, 5.76
42.5867, 13.2698, 5.289999999999999
42.5683, 13.2823, 6.25
42.5938, 13.2887, 4.840000000000001
42.5982, 13.2908, 3.61
42.5828, 13.2672, 6.760000000000001
42.5468, 13.2623, 26.009999999999998
42.5797, 13.2342, 2.8899999999999997
42.6092, 13.2532, 2.5600000000000005
42.571, 13.238, 1.6900000000000002
42.5608, 13.2342, 2.5600000000000005
42.5608, 13.2293, 2.5600000000000005
42.5645, 13.2273, 4
42.5628, 13.2357, 2.8899999999999997
42.4882, 13.23, 4.41
42.4902, 13.2322, 3.24
42.4968, 13.2247, 1.9599999999999997
42.5767, 13.3622, 4.840000000000001
42.5673, 13.236, 3.24
42.56, 13.3052, 2.8899999999999997
42.5783, 13.2325, 2.8899999999999997
42.561, 13.2197, 1.9599999999999997
42.5675, 13.2278, 3.61
42.5913, 13.2388, 2.25
42.5585, 13.2237, 1.9599999999999997
42.4723, 13.2253, 2.5600000000000005
42.5582, 13.3043, 3.61
42.5578, 13.2252, 3.24
42.5523, 13.231, 4.840000000000001
42.5652, 13.2345, 1.6900000000000002
42.4693, 13.2058, 1.6900000000000002
42.5927, 13.3113, 2.25
42.5577, 13.234, 1
42.579, 13.2273, 3.61
42.5638, 13.2913, 7.839999999999999
42.5587, 13.2442, 4
42.5612, 13.3062, 1.9599999999999997
